[
    {
        "Team Name": "Boston Bruins",
        "Year": "1990",
        "Wins": "44",
        "Losses": "24",
        "OT Losses": "",
        "Win %": "0.55",
        "Goals For (GF)": "299",
        "Goals Against (GA)": "264",
        "+ / -": "35"
    },
    {
        "Team Name": "Buffalo Sabres",
        "Year": "1990",
        "Wins": "31",
        "Losses": "30",
        "OT Losses": "",
        "Win %": "0.388",
        "Goals For (GF)": "292",
        "Goals Against (GA)": "278",
        "+ / -": "14"
    },
    {
        "Team Name": "Calgary Flames",
        "Year": "1990",
        "Wins": "46",
        "Losses": "26",
        "OT Losses": "",
        "Win %": "0.575",
        "Goals For (GF)": "344",
        "Goals Against (GA)": "263",
        "+ / -": "81"
    },
    {
        "Team Name": "Chicago Blackhawks",
        "Year": "1990",
        "Wins": "49",
        "Losses": "23",
        "OT Losses": "",
        "Win %": "0.613",
        "Goals For (GF)": "284",
        "Goals Against (GA)": "211",
        "+ / -": "73"
    },
    {
        "Team Name": "Detroit Red Wings",
        "Year": "1990",
        "Wins": "34",
        "Losses": "38",
        "OT Losses": "",
        "Win %": "0.425",
        "Goals For (GF)": "273",
        "Goals Against (GA)": "298",
        "+ / -": "-25"
    },
    {
        "Team Name": "Edmonton Oilers",
        "Year": "1990",
        "Wins": "37",
        "Losses": "37",
        "OT Losses": "",
        "Win %": "0.463",
        "Goals For (GF)": "272",
        "Goals Against (GA)": "272",
        "+ / -": "0"
    },
    {
        "Team Name": "Hartford Whalers",
        "Year": "1990",
        "Wins": "31",
        "Losses": "38",
        "OT Losses": "",
        "Win %": "0.388",
        "Goals For (GF)": "238",
        "Goals Against (GA)": "276",
        "+ / -": "-38"
    },
    {
        "Team Name": "Los Angeles Kings",
        "Year": "1990",
        "Wins": "46",
        "Losses": "24",
        "OT Losses": "",
        "Win %": "0.575",
        "Goals For (GF)": "340",
        "Goals Against (GA)": "254",
        "+ / -": "86"
    },
    {
        "Team Name": "Minnesota North Stars",
        "Year": "1990",
        "Wins": "27",
        "Losses": "39",
        "OT Losses": "",
        "Win %": "0.338",
        "Goals For (GF)": "256",
        "Goals Against (GA)": "266",
        "+ / -": "-10"
    },
    {
        "Team Name": "Montreal Canadiens",
        "Year": "1990",
        "Wins": "39",
        "Losses": "30",
        "OT Losses": "",
        "Win %": "0.487",
        "Goals For (GF)": "273",
        "Goals Against (GA)": "249",
        "+ / -": "24"
    },
    {
        "Team Name": "New Jersey Devils",
        "Year": "1990",
        "Wins": "32",
        "Losses": "33",
        "OT Losses": "",
        "Win %": "0.4",
        "Goals For (GF)": "272",
        "Goals Against (GA)": "264",
        "+ / -": "8"
    },
    {
        "Team Name": "New York Islanders",
        "Year": "1990",
        "Wins": "25",
        "Losses": "45",
        "OT Losses": "",
        "Win %": "0.312",
        "Goals For (GF)": "223",
        "Goals Against (GA)": "290",
        "+ / -": "-67"
    },
    {
        "Team Name": "New York Rangers",
        "Year": "1990",
        "Wins": "36",
        "Losses": "31",
        "OT Losses": "",
        "Win %": "0.45",
        "Goals For (GF)": "297",
        "Goals Against (GA)": "265",
        "+ / -": "32"
    },
    {
        "Team Name": "Philadelphia Flyers",
        "Year": "1990",
        "Wins": "33",
        "Losses": "37",
        "OT Losses": "",
        "Win %": "0.412",
        "Goals For (GF)": "252",
        "Goals Against (GA)": "267",
        "+ / -": "-15"
    },
    {
        "Team Name": "Pittsburgh Penguins",
        "Year": "1990",
        "Wins": "41",
        "Losses": "33",
        "OT Losses": "",
        "Win %": "0.512",
        "Goals For (GF)": "342",
        "Goals Against (GA)": "305",
        "+ / -": "37"
    },
    {
        "Team Name": "Quebec Nordiques",
        "Year": "1990",
        "Wins": "16",
        "Losses": "50",
        "OT Losses": "",
        "Win %": "0.2",
        "Goals For (GF)": "236",
        "Goals Against (GA)": "354",
        "+ / -": "-118"
    },
    {
        "Team Name": "St. Louis Blues",
        "Year": "1990",
        "Wins": "47",
        "Losses": "22",
        "OT Losses": "",
        "Win %": "0.588",
        "Goals For (GF)": "310",
        "Goals Against (GA)": "250",
        "+ / -": "60"
    },
    {
        "Team Name": "Toronto Maple Leafs",
        "Year": "1990",
        "Wins": "23",
        "Losses": "46",
        "OT Losses": "",
        "Win %": "0.287",
        "Goals For (GF)": "241",
        "Goals Against (GA)": "318",
        "+ / -": "-77"
    },
    {
        "Team Name": "Vancouver Canucks",
        "Year": "1990",
        "Wins": "28",
        "Losses": "43",
        "OT Losses": "",
        "Win %": "0.35",
        "Goals For (GF)": "243",
        "Goals Against (GA)": "315",
        "+ / -": "-72"
    },
    {
        "Team Name": "Washington Capitals",
        "Year": "1990",
        "Wins": "37",
        "Losses": "36",
        "OT Losses": "",
        "Win %": "0.463",
        "Goals For (GF)": "258",
        "Goals Against (GA)": "258",
        "+ / -": "0"
    },
    {
        "Team Name": "Winnipeg Jets",
        "Year": "1990",
        "Wins": "26",
        "Losses": "43",
        "OT Losses": "",
        "Win %": "0.325",
        "Goals For (GF)": "260",
        "Goals Against (GA)": "288",
        "+ / -": "-28"
    },
    {
        "Team Name": "Boston Bruins",
        "Year": "1991",
        "Wins": "36",
        "Losses": "32",
        "OT Losses": "",
        "Win %": "0.45",
        "Goals For (GF)": "270",
        "Goals Against (GA)": "275",
        "+ / -": "-5"
    },
    {
        "Team Name": "Buffalo Sabres",
        "Year": "1991",
        "Wins": "31",
        "Losses": "37",
        "OT Losses": "",
        "Win %": "0.388",
        "Goals For (GF)": "289",
        "Goals Against (GA)": "299",
        "+ / -": "-10"
    },
    {
        "Team Name": "Calgary Flames",
        "Year": "1991",
        "Wins": "31",
        "Losses": "37",
        "OT Losses": "",
        "Win %": "0.388",
        "Goals For (GF)": "296",
        "Goals Against (GA)": "305",
        "+ / -": "-9"
    },
    {
        "Team Name": "Chicago Blackhawks",
        "Year": "1991",
        "Wins": "36",
        "Losses": "29",
        "OT Losses": "",
        "Win %": "0.45",
        "Goals For (GF)": "257",
        "Goals Against (GA)": "236",
        "+ / -": "21"
    },
    {
        "Team Name": "Detroit Red Wings",
        "Year": "1991",
        "Wins": "43",
        "Losses": "25",
        "OT Losses": "",
        "Win %": "0.537",
        "Goals For (GF)": "320",
        "Goals Against (GA)": "256",
        "+ / -": "64"
    },
    {
        "Team Name": "Edmonton Oilers",
        "Year": "1991",
        "Wins": "36",
        "Losses": "34",
        "OT Losses": "",
        "Win %": "0.45",
        "Goals For (GF)": "295",
        "Goals Against (GA)": "297",
        "+ / -": "-2"
    },
    {
        "Team Name": "Hartford Whalers",
        "Year": "1991",
        "Wins": "26",
        "Losses": "41",
        "OT Losses": "",
        "Win %": "0.325",
        "Goals For (GF)": "247",
        "Goals Against (GA)": "283",
        "+ / -": "-36"
    },
    {
        "Team Name": "Los Angeles Kings",
        "Year": "1991",
        "Wins": "35",
        "Losses": "31",
        "OT Losses": "",
        "Win %": "0.438",
        "Goals For (GF)": "287",
        "Goals Against (GA)": "296",
        "+ / -": "-9"
    },
    {
        "Team Name": "Minnesota North Stars",
        "Year": "1991",
        "Wins": "32",
        "Losses": "42",
        "OT Losses": "",
        "Win %": "0.4",
        "Goals For (GF)": "246",
        "Goals Against (GA)": "278",
        "+ / -": "-32"
    },
    {
        "Team Name": "Montreal Canadiens",
        "Year": "1991",
        "Wins": "41",
        "Losses": "28",
        "OT Losses": "",
        "Win %": "0.512",
        "Goals For (GF)": "267",
        "Goals Against (GA)": "207",
        "+ / -": "60"
    },
    {
        "Team Name": "New Jersey Devils",
        "Year": "1991",
        "Wins": "38",
        "Losses": "31",
        "OT Losses": "",
        "Win %": "0.475",
        "Goals For (GF)": "289",
        "Goals Against (GA)": "259",
        "+ / -": "30"
    },
    {
        "Team Name": "New York Islanders",
        "Year": "1991",
        "Wins": "34",
        "Losses": "35",
        "OT Losses": "",
        "Win %": "0.425",
        "Goals For (GF)": "291",
        "Goals Against (GA)": "299",
        "+ / -": "-8"
    },
    {
        "Team Name": "New York Rangers",
        "Year": "1991",
        "Wins": "50",
        "Losses": "25",
        "OT Losses": "",
        "Win %": "0.625",
        "Goals For (GF)": "321",
        "Goals Against (GA)": "246",
        "+ / -": "75"
    },
    {
        "Team Name": "Philadelphia Flyers",
        "Year": "1991",
        "Wins": "32",
        "Losses": "37",
        "OT Losses": "",
        "Win %": "0.4",
        "Goals For (GF)": "252",
        "Goals Against (GA)": "273",
        "+ / -": "-21"
    },
    {
        "Team Name": "Pittsburgh Penguins",
        "Year": "1991",
        "Wins": "39",
        "Losses": "32",
        "OT Losses": "",
        "Win %": "0.487",
        "Goals For (GF)": "343",
        "Goals Against (GA)": "308",
        "+ / -": "35"
    },
    {
        "Team Name": "Quebec Nordiques",
        "Year": "1991",
        "Wins": "20",
        "Losses": "48",
        "OT Losses": "",
        "Win %": "0.25",
        "Goals For (GF)": "255",
        "Goals Against (GA)": "318",
        "+ / -": "-63"
    },
    {
        "Team Name": "San Jose Sharks",
        "Year": "1991",
        "Wins": "17",
        "Losses": "58",
        "OT Losses": "",
        "Win %": "0.212",
        "Goals For (GF)": "219",
        "Goals Against (GA)": "359",
        "+ / -": "-140"
    },
    {
        "Team Name": "St. Louis Blues",
        "Year": "1991",
        "Wins": "36",
        "Losses": "33",
        "OT Losses": "",
        "Win %": "0.45",
        "Goals For (GF)": "279",
        "Goals Against (GA)": "266",
        "+ / -": "13"
    },
    {
        "Team Name": "Toronto Maple Leafs",
        "Year": "1991",
        "Wins": "30",
        "Losses": "43",
        "OT Losses": "",
        "Win %": "0.375",
        "Goals For (GF)": "234",
        "Goals Against (GA)": "294",
        "+ / -": "-60"
    },
    {
        "Team Name": "Vancouver Canucks",
        "Year": "1991",
        "Wins": "42",
        "Losses": "26",
        "OT Losses": "",
        "Win %": "0.525",
        "Goals For (GF)": "285",
        "Goals Against (GA)": "250",
        "+ / -": "35"
    },
    {
        "Team Name": "Washington Capitals",
        "Year": "1991",
        "Wins": "45",
        "Losses": "27",
        "OT Losses": "",
        "Win %": "0.562",
        "Goals For (GF)": "330",
        "Goals Against (GA)": "275",
        "+ / -": "55"
    },
    {
        "Team Name": "Winnipeg Jets",
        "Year": "1991",
        "Wins": "33",
        "Losses": "32",
        "OT Losses": "",
        "Win %": "0.412",
        "Goals For (GF)": "251",
        "Goals Against (GA)": "244",
        "+ / -": "7"
    },
    {
        "Team Name": "Boston Bruins",
        "Year": "1992",
        "Wins": "51",
        "Losses": "26",
        "OT Losses": "",
        "Win %": "0.607",
        "Goals For (GF)": "332",
        "Goals Against (GA)": "268",
        "+ / -": "64"
    },
    {
        "Team Name": "Buffalo Sabres",
        "Year": "1992",
        "Wins": "38",
        "Losses": "36",
        "OT Losses": "",
        "Win %": "0.452",
        "Goals For (GF)": "335",
        "Goals Against (GA)": "297",
        "+ / -": "38"
    },
    {
        "Team Name": "Calgary Flames",
        "Year": "1992",
        "Wins": "43",
        "Losses": "30",
        "OT Losses": "",
        "Win %": "0.512",
        "Goals For (GF)": "322",
        "Goals Against (GA)": "282",
        "+ / -": "40"
    },
    {
        "Team Name": "Chicago Blackhawks",
        "Year": "1992",
        "Wins": "47",
        "Losses": "25",
        "OT Losses": "",
        "Win %": "0.56",
        "Goals For (GF)": "279",
        "Goals Against (GA)": "230",
        "+ / -": "49"
    },
    {
        "Team Name": "Detroit Red Wings",
        "Year": "1992",
        "Wins": "47",
        "Losses": "28",
        "OT Losses": "",
        "Win %": "0.56",
        "Goals For (GF)": "369",
        "Goals Against (GA)": "280",
        "+ / -": "89"
    },
    {
        "Team Name": "Edmonton Oilers",
        "Year": "1992",
        "Wins": "26",
        "Losses": "50",
        "OT Losses": "",
        "Win %": "0.31",
        "Goals For (GF)": "242",
        "Goals Against (GA)": "337",
        "+ / -": "-95"
    },
    {
        "Team Name": "Hartford Whalers",
        "Year": "1992",
        "Wins": "26",
        "Losses": "52",
        "OT Losses": "",
        "Win %": "0.31",
        "Goals For (GF)": "284",
        "Goals Against (GA)": "369",
        "+ / -": "-85"
    },
    {
        "Team Name": "Los Angeles Kings",
        "Year": "1992",
        "Wins": "39",
        "Losses": "35",
        "OT Losses": "",
        "Win %": "0.464",
        "Goals For (GF)": "338",
        "Goals Against (GA)": "340",
        "+ / -": "-2"
    },
    {
        "Team Name": "Minnesota North Stars",
        "Year": "1992",
        "Wins": "36",
        "Losses": "38",
        "OT Losses": "",
        "Win %": "0.429",
        "Goals For (GF)": "272",
        "Goals Against (GA)": "293",
        "+ / -": "-21"
    },
    {
        "Team Name": "Montreal Canadiens",
        "Year": "1992",
        "Wins": "48",
        "Losses": "30",
        "OT Losses": "",
        "Win %": "0.571",
        "Goals For (GF)": "326",
        "Goals Against (GA)": "280",
        "+ / -": "46"
    },
    {
        "Team Name": "New Jersey Devils",
        "Year": "1992",
        "Wins": "40",
        "Losses": "37",
        "OT Losses": "",
        "Win %": "0.476",
        "Goals For (GF)": "308",
        "Goals Against (GA)": "299",
        "+ / -": "9"
    },
    {
        "Team Name": "New York Islanders",
        "Year": "1992",
        "Wins": "40",
        "Losses": "37",
        "OT Losses": "",
        "Win %": "0.476",
        "Goals For (GF)": "335",
        "Goals Against (GA)": "297",
        "+ / -": "38"
    },
    {
        "Team Name": "New York Rangers",
        "Year": "1992",
        "Wins": "34",
        "Losses": "39",
        "OT Losses": "",
        "Win %": "0.405",
        "Goals For (GF)": "304",
        "Goals Against (GA)": "308",
        "+ / -": "-4"
    },
    {
        "Team Name": "Ottawa Senators",
        "Year": "1992",
        "Wins": "10",
        "Losses": "70",
        "OT Losses": "",
        "Win %": "0.119",
        "Goals For (GF)": "202",
        "Goals Against (GA)": "395",
        "+ / -": "-193"
    },
    {
        "Team Name": "Philadelphia Flyers",
        "Year": "1992",
        "Wins": "36",
        "Losses": "37",
        "OT Losses": "",
        "Win %": "0.429",
        "Goals For (GF)": "319",
        "Goals Against (GA)": "319",
        "+ / -": "0"
    },
    {
        "Team Name": "Pittsburgh Penguins",
        "Year": "1992",
        "Wins": "56",
        "Losses": "21",
        "OT Losses": "",
        "Win %": "0.667",
        "Goals For (GF)": "367",
        "Goals Against (GA)": "268",
        "+ / -": "99"
    },
    {
        "Team Name": "Quebec Nordiques",
        "Year": "1992",
        "Wins": "47",
        "Losses": "27",
        "OT Losses": "",
        "Win %": "0.56",
        "Goals For (GF)": "351",
        "Goals Against (GA)": "300",
        "+ / -": "51"
    },
    {
        "Team Name": "San Jose Sharks",
        "Year": "1992",
        "Wins": "11",
        "Losses": "71",
        "OT Losses": "",
        "Win %": "0.131",
        "Goals For (GF)": "218",
        "Goals Against (GA)": "414",
        "+ / -": "-196"
    },
    {
        "Team Name": "St. Louis Blues",
        "Year": "1992",
        "Wins": "37",
        "Losses": "36",
        "OT Losses": "",
        "Win %": "0.44",
        "Goals For (GF)": "282",
        "Goals Against (GA)": "278",
        "+ / -": "4"
    },
    {
        "Team Name": "Tampa Bay Lightning",
        "Year": "1992",
        "Wins": "23",
        "Losses": "54",
        "OT Losses": "",
        "Win %": "0.274",
        "Goals For (GF)": "245",
        "Goals Against (GA)": "332",
        "+ / -": "-87"
    },
    {
        "Team Name": "Toronto Maple Leafs",
        "Year": "1992",
        "Wins": "44",
        "Losses": "29",
        "OT Losses": "",
        "Win %": "0.524",
        "Goals For (GF)": "288",
        "Goals Against (GA)": "241",
        "+ / -": "47"
    },
    {
        "Team Name": "Vancouver Canucks",
        "Year": "1992",
        "Wins": "46",
        "Losses": "29",
        "OT Losses": "",
        "Win %": "0.548",
        "Goals For (GF)": "346",
        "Goals Against (GA)": "278",
        "+ / -": "68"
    },
    {
        "Team Name": "Washington Capitals",
        "Year": "1992",
        "Wins": "43",
        "Losses": "34",
        "OT Losses": "",
        "Win %": "0.512",
        "Goals For (GF)": "325",
        "Goals Against (GA)": "286",
        "+ / -": "39"
    },
    {
        "Team Name": "Winnipeg Jets",
        "Year": "1992",
        "Wins": "40",
        "Losses": "37",
        "OT Losses": "",
        "Win %": "0.476",
        "Goals For (GF)": "322",
        "Goals Against (GA)": "320",
        "+ / -": "2"
    },
    {
        "Team Name": "Mighty Ducks of Anaheim",
        "Year": "1993",
        "Wins": "33",
        "Losses": "46",
        "OT Losses": "",
        "Win %": "0.393",
        "Goals For (GF)": "229",
        "Goals Against (GA)": "251",
        "+ / -": "-22"
    },
    {
        "Team Name": "Boston Bruins",
        "Year": "1993",
        "Wins": "42",
        "Losses": "29",
        "OT Losses": "",
        "Win %": "0.5",
        "Goals For (GF)": "289",
        "Goals Against (GA)": "252",
        "+ / -": "37"
    },
    {
        "Team Name": "Buffalo Sabres",
        "Year": "1993",
        "Wins": "43",
        "Losses": "32",
        "OT Losses": "",
        "Win %": "0.512",
        "Goals For (GF)": "282",
        "Goals Against (GA)": "218",
        "+ / -": "64"
    },
    {
        "Team Name": "Calgary Flames",
        "Year": "1993",
        "Wins": "42",
        "Losses": "29",
        "OT Losses": "",
        "Win %": "0.5",
        "Goals For (GF)": "302",
        "Goals Against (GA)": "256",
        "+ / -": "46"
    },
    {
        "Team Name": "Chicago Blackhawks",
        "Year": "1993",
        "Wins": "39",
        "Losses": "36",
        "OT Losses": "",
        "Win %": "0.464",
        "Goals For (GF)": "254",
        "Goals Against (GA)": "240",
        "+ / -": "14"
    },
    {
        "Team Name": "Dallas Stars",
        "Year": "1993",
        "Wins": "42",
        "Losses": "29",
        "OT Losses": "",
        "Win %": "0.5",
        "Goals For (GF)": "286",
        "Goals Against (GA)": "265",
        "+ / -": "21"
    },
    {
        "Team Name": "Detroit Red Wings",
        "Year": "1993",
        "Wins": "46",
        "Losses": "30",
        "OT Losses": "",
        "Win %": "0.548",
        "Goals For (GF)": "356",
        "Goals Against (GA)": "275",
        "+ / -": "81"
    },
    {
        "Team Name": "Edmonton Oilers",
        "Year": "1993",
        "Wins": "25",
        "Losses": "45",
        "OT Losses": "",
        "Win %": "0.298",
        "Goals For (GF)": "261",
        "Goals Against (GA)": "305",
        "+ / -": "-44"
    },
    {
        "Team Name": "Florida Panthers",
        "Year": "1993",
        "Wins": "33",
        "Losses": "34",
        "OT Losses": "",
        "Win %": "0.393",
        "Goals For (GF)": "233",
        "Goals Against (GA)": "233",
        "+ / -": "0"
    },
    {
        "Team Name": "Hartford Whalers",
        "Year": "1993",
        "Wins": "27",
        "Losses": "48",
        "OT Losses": "",
        "Win %": "0.321",
        "Goals For (GF)": "227",
        "Goals Against (GA)": "288",
        "+ / -": "-61"
    },
    {
        "Team Name": "Los Angeles Kings",
        "Year": "1993",
        "Wins": "27",
        "Losses": "45",
        "OT Losses": "",
        "Win %": "0.321",
        "Goals For (GF)": "294",
        "Goals Against (GA)": "322",
        "+ / -": "-28"
    },
    {
        "Team Name": "Montreal Canadiens",
        "Year": "1993",
        "Wins": "41",
        "Losses": "29",
        "OT Losses": "",
        "Win %": "0.488",
        "Goals For (GF)": "283",
        "Goals Against (GA)": "248",
        "+ / -": "35"
    },
    {
        "Team Name": "New Jersey Devils",
        "Year": "1993",
        "Wins": "47",
        "Losses": "25",
        "OT Losses": "",
        "Win %": "0.56",
        "Goals For (GF)": "306",
        "Goals Against (GA)": "220",
        "+ / -": "86"
    },
    {
        "Team Name": "New York Islanders",
        "Year": "1993",
        "Wins": "36",
        "Losses": "36",
        "OT Losses": "",
        "Win %": "0.429",
        "Goals For (GF)": "282",
        "Goals Against (GA)": "264",
        "+ / -": "18"
    },
    {
        "Team Name": "New York Rangers",
        "Year": "1993",
        "Wins": "52",
        "Losses": "24",
        "OT Losses": "",
        "Win %": "0.619",
        "Goals For (GF)": "299",
        "Goals Against (GA)": "231",
        "+ / -": "68"
    },
    {
        "Team Name": "Ottawa Senators",
        "Year": "1993",
        "Wins": "14",
        "Losses": "61",
        "OT Losses": "",
        "Win %": "0.167",
        "Goals For (GF)": "201",
        "Goals Against (GA)": "397",
        "+ / -": "-196"
    },
    {
        "Team Name": "Philadelphia Flyers",
        "Year": "1993",
        "Wins": "35",
        "Losses": "39",
        "OT Losses": "",
        "Win %": "0.417",
        "Goals For (GF)": "294",
        "Goals Against (GA)": "314",
        "+ / -": "-20"
    },
    {
        "Team Name": "Pittsburgh Penguins",
        "Year": "1993",
        "Wins": "44",
        "Losses": "27",
        "OT Losses": "",
        "Win %": "0.524",
        "Goals For (GF)": "299",
        "Goals Against (GA)": "285",
        "+ / -": "14"
    },
    {
        "Team Name": "Quebec Nordiques",
        "Year": "1993",
        "Wins": "34",
        "Losses": "42",
        "OT Losses": "",
        "Win %": "0.405",
        "Goals For (GF)": "277",
        "Goals Against (GA)": "292",
        "+ / -": "-15"
    },
    {
        "Team Name": "San Jose Sharks",
        "Year": "1993",
        "Wins": "33",
        "Losses": "35",
        "OT Losses": "",
        "Win %": "0.393",
        "Goals For (GF)": "252",
        "Goals Against (GA)": "265",
        "+ / -": "-13"
    },
    {
        "Team Name": "St. Louis Blues",
        "Year": "1993",
        "Wins": "40",
        "Losses": "33",
        "OT Losses": "",
        "Win %": "0.476",
        "Goals For (GF)": "270",
        "Goals Against (GA)": "283",
        "+ / -": "-13"
    },
    {
        "Team Name": "Tampa Bay Lightning",
        "Year": "1993",
        "Wins": "30",
        "Losses": "43",
        "OT Losses": "",
        "Win %": "0.357",
        "Goals For (GF)": "224",
        "Goals Against (GA)": "251",
        "+ / -": "-27"
    },
    {
        "Team Name": "Toronto Maple Leafs",
        "Year": "1993",
        "Wins": "43",
        "Losses": "29",
        "OT Losses": "",
        "Win %": "0.512",
        "Goals For (GF)": "280",
        "Goals Against (GA)": "243",
        "+ / -": "37"
    },
    {
        "Team Name": "Vancouver Canucks",
        "Year": "1993",
        "Wins": "41",
        "Losses": "40",
        "OT Losses": "",
        "Win %": "0.488",
        "Goals For (GF)": "279",
        "Goals Against (GA)": "276",
        "+ / -": "3"
    },
    {
        "Team Name": "Washington Capitals",
        "Year": "1993",
        "Wins": "39",
        "Losses": "35",
        "OT Losses": "",
        "Win %": "0.464",
        "Goals For (GF)": "277",
        "Goals Against (GA)": "263",
        "+ / -": "14"
    },
    {
        "Team Name": "Winnipeg Jets",
        "Year": "1993",
        "Wins": "24",
        "Losses": "51",
        "OT Losses": "",
        "Win %": "0.286",
        "Goals For (GF)": "245",
        "Goals Against (GA)": "344",
        "+ / -": "-99"
    },
    {
        "Team Name": "Mighty Ducks of Anaheim",
        "Year": "1994",
        "Wins": "16",
        "Losses": "27",
        "OT Losses": "",
        "Win %": "0.333",
        "Goals For (GF)": "125",
        "Goals Against (GA)": "164",
        "+ / -": "-39"
    },
    {
        "Team Name": "Boston Bruins",
        "Year": "1994",
        "Wins": "27",
        "Losses": "18",
        "OT Losses": "",
        "Win %": "0.562",
        "Goals For (GF)": "150",
        "Goals Against (GA)": "127",
        "+ / -": "23"
    },
    {
        "Team Name": "Buffalo Sabres",
        "Year": "1994",
        "Wins": "22",
        "Losses": "19",
        "OT Losses": "",
        "Win %": "0.458",
        "Goals For (GF)": "130",
        "Goals Against (GA)": "119",
        "+ / -": "11"
    },
    {
        "Team Name": "Calgary Flames",
        "Year": "1994",
        "Wins": "24",
        "Losses": "17",
        "OT Losses": "",
        "Win %": "0.5",
        "Goals For (GF)": "163",
        "Goals Against (GA)": "135",
        "+ / -": "28"
    },
    {
        "Team Name": "Chicago Blackhawks",
        "Year": "1994",
        "Wins": "24",
        "Losses": "19",
        "OT Losses": "",
        "Win %": "0.5",
        "Goals For (GF)": "156",
        "Goals Against (GA)": "115",
        "+ / -": "41"
    },
    {
        "Team Name": "Dallas Stars",
        "Year": "1994",
        "Wins": "17",
        "Losses": "23",
        "OT Losses": "",
        "Win %": "0.354",
        "Goals For (GF)": "136",
        "Goals Against (GA)": "135",
        "+ / -": "1"
    },
    {
        "Team Name": "Detroit Red Wings",
        "Year": "1994",
        "Wins": "33",
        "Losses": "11",
        "OT Losses": "",
        "Win %": "0.688",
        "Goals For (GF)": "180",
        "Goals Against (GA)": "117",
        "+ / -": "63"
    },
    {
        "Team Name": "Edmonton Oilers",
        "Year": "1994",
        "Wins": "17",
        "Losses": "27",
        "OT Losses": "",
        "Win %": "0.354",
        "Goals For (GF)": "136",
        "Goals Against (GA)": "183",
        "+ / -": "-47"
    },
    {
        "Team Name": "Florida Panthers",
        "Year": "1994",
        "Wins": "20",
        "Losses": "22",
        "OT Losses": "",
        "Win %": "0.417",
        "Goals For (GF)": "115",
        "Goals Against (GA)": "127",
        "+ / -": "-12"
    },
    {
        "Team Name": "Hartford Whalers",
        "Year": "1994",
        "Wins": "19",
        "Losses": "24",
        "OT Losses": "",
        "Win %": "0.396",
        "Goals For (GF)": "127",
        "Goals Against (GA)": "141",
        "+ / -": "-14"
    },
    {
        "Team Name": "Los Angeles Kings",
        "Year": "1994",
        "Wins": "16",
        "Losses": "23",
        "OT Losses": "",
        "Win %": "0.333",
        "Goals For (GF)": "142",
        "Goals Against (GA)": "174",
        "+ / -": "-32"
    },
    {
        "Team Name": "Montreal Canadiens",
        "Year": "1994",
        "Wins": "18",
        "Losses": "23",
        "OT Losses": "",
        "Win %": "0.375",
        "Goals For (GF)": "125",
        "Goals Against (GA)": "148",
        "+ / -": "-23"
    },
    {
        "Team Name": "New Jersey Devils",
        "Year": "1994",
        "Wins": "22",
        "Losses": "18",
        "OT Losses": "",
        "Win %": "0.458",
        "Goals For (GF)": "136",
        "Goals Against (GA)": "121",
        "+ / -": "15"
    },
    {
        "Team Name": "New York Islanders",
        "Year": "1994",
        "Wins": "15",
        "Losses": "28",
        "OT Losses": "",
        "Win %": "0.312",
        "Goals For (GF)": "126",
        "Goals Against (GA)": "158",
        "+ / -": "-32"
    },
    {
        "Team Name": "New York Rangers",
        "Year": "1994",
        "Wins": "22",
        "Losses": "23",
        "OT Losses": "",
        "Win %": "0.458",
        "Goals For (GF)": "139",
        "Goals Against (GA)": "134",
        "+ / -": "5"
    },
    {
        "Team Name": "Ottawa Senators",
        "Year": "1994",
        "Wins": "9",
        "Losses": "34",
        "OT Losses": "",
        "Win %": "0.188",
        "Goals For (GF)": "117",
        "Goals Against (GA)": "174",
        "+ / -": "-57"
    },
    {
        "Team Name": "Philadelphia Flyers",
        "Year": "1994",
        "Wins": "28",
        "Losses": "16",
        "OT Losses": "",
        "Win %": "0.583",
        "Goals For (GF)": "150",
        "Goals Against (GA)": "132",
        "+ / -": "18"
    },
    {
        "Team Name": "Pittsburgh Penguins",
        "Year": "1994",
        "Wins": "29",
        "Losses": "16",
        "OT Losses": "",
        "Win %": "0.604",
        "Goals For (GF)": "181",
        "Goals Against (GA)": "158",
        "+ / -": "23"
    },
    {
        "Team Name": "Quebec Nordiques",
        "Year": "1994",
        "Wins": "30",
        "Losses": "13",
        "OT Losses": "",
        "Win %": "0.625",
        "Goals For (GF)": "185",
        "Goals Against (GA)": "134",
        "+ / -": "51"
    },
    {
        "Team Name": "San Jose Sharks",
        "Year": "1994",
        "Wins": "19",
        "Losses": "25",
        "OT Losses": "",
        "Win %": "0.396",
        "Goals For (GF)": "129",
        "Goals Against (GA)": "161",
        "+ / -": "-32"
    },
    {
        "Team Name": "St. Louis Blues",
        "Year": "1994",
        "Wins": "28",
        "Losses": "15",
        "OT Losses": "",
        "Win %": "0.583",
        "Goals For (GF)": "178",
        "Goals Against (GA)": "135",
        "+ / -": "43"
    },
    {
        "Team Name": "Tampa Bay Lightning",
        "Year": "1994",
        "Wins": "17",
        "Losses": "28",
        "OT Losses": "",
        "Win %": "0.354",
        "Goals For (GF)": "120",
        "Goals Against (GA)": "144",
        "+ / -": "-24"
    },
    {
        "Team Name": "Toronto Maple Leafs",
        "Year": "1994",
        "Wins": "21",
        "Losses": "19",
        "OT Losses": "",
        "Win %": "0.438",
        "Goals For (GF)": "135",
        "Goals Against (GA)": "146",
        "+ / -": "-11"
    },
    {
        "Team Name": "Vancouver Canucks",
        "Year": "1994",
        "Wins": "18",
        "Losses": "18",
        "OT Losses": "",
        "Win %": "0.375",
        "Goals For (GF)": "153",
        "Goals Against (GA)": "148",
        "+ / -": "5"
    },
    {
        "Team Name": "Washington Capitals",
        "Year": "1994",
        "Wins": "22",
        "Losses": "18",
        "OT Losses": "",
        "Win %": "0.458",
        "Goals For (GF)": "136",
        "Goals Against (GA)": "120",
        "+ / -": "16"
    },
    {
        "Team Name": "Winnipeg Jets",
        "Year": "1994",
        "Wins": "16",
        "Losses": "25",
        "OT Losses": "",
        "Win %": "0.333",
        "Goals For (GF)": "157",
        "Goals Against (GA)": "177",
        "+ / -": "-20"
    },
    {
        "Team Name": "Mighty Ducks of Anaheim",
        "Year": "1995",
        "Wins": "35",
        "Losses": "39",
        "OT Losses": "",
        "Win %": "0.427",
        "Goals For (GF)": "234",
        "Goals Against (GA)": "247",
        "+ / -": "-13"
    },
    {
        "Team Name": "Boston Bruins",
        "Year": "1995",
        "Wins": "40",
        "Losses": "31",
        "OT Losses": "",
        "Win %": "0.488",
        "Goals For (GF)": "282",
        "Goals Against (GA)": "269",
        "+ / -": "13"
    },
    {
        "Team Name": "Buffalo Sabres",
        "Year": "1995",
        "Wins": "33",
        "Losses": "42",
        "OT Losses": "",
        "Win %": "0.402",
        "Goals For (GF)": "247",
        "Goals Against (GA)": "262",
        "+ / -": "-15"
    },
    {
        "Team Name": "Calgary Flames",
        "Year": "1995",
        "Wins": "34",
        "Losses": "37",
        "OT Losses": "",
        "Win %": "0.415",
        "Goals For (GF)": "241",
        "Goals Against (GA)": "240",
        "+ / -": "1"
    },
    {
        "Team Name": "Chicago Blackhawks",
        "Year": "1995",
        "Wins": "40",
        "Losses": "28",
        "OT Losses": "",
        "Win %": "0.488",
        "Goals For (GF)": "273",
        "Goals Against (GA)": "220",
        "+ / -": "53"
    },
    {
        "Team Name": "Colorado Avalanche",
        "Year": "1995",
        "Wins": "47",
        "Losses": "25",
        "OT Losses": "",
        "Win %": "0.573",
        "Goals For (GF)": "326",
        "Goals Against (GA)": "240",
        "+ / -": "86"
    }
]